"Country or Area","Year","Area","Code of Month","Value",""
"Austria","2001","Total","999999","75458",""
"Austria","2001","Total","001001","6611",""
"Austria","2001","Total","002002","5866",""
"Austria","2001","Total","003003","6376",""
"Austria","2001","Total","004004","6187",""
"Austria","2001","Total","005005","6409",""
"Austria","2001","Total","006006","6127",""
"Austria","2001","Total","007007","6625",""
"Austria","2001","Total","008008","6491",""
"Austria","2001","Total","009009","6513",""
"Austria","2001","Total","010010","6372",""
"Austria","2001","Total","011011","5801",""
"Austria","2001","Total","012012","6080",""
"Austria","2000","Total","999999","78268",""
"Austria","2000","Total","001001","6587",""
"Austria","2000","Total","002002","6384",""
"Austria","2000","Total","003003","6799",""
"Austria","2000","Total","004004","6327",""
"Austria","2000","Total","005005","6668",""
"Austria","2000","Total","006006","6419",""
"Austria","2000","Total","007007","6755",""
"Austria","2000","Total","008008","6685",""
"Austria","2000","Total","009009","6827",""
"Austria","2000","Total","010010","6433",""
"Austria","2000","Total","011011","6101",""
"Austria","2000","Total","012012","6283",""
"Belgium","2001","Total","999999","115372",""
"Belgium","2001","Total","001001","9928",""
"Belgium","2001","Total","002002","8686",""
"Belgium","2001","Total","003003","9843",""
"Belgium","2001","Total","004004","9627",""
"Belgium","2001","Total","005005","10074",""
"Belgium","2001","Total","006006","9503",""
"Belgium","2001","Total","007007","10119",""
"Belgium","2001","Total","008008","10000",""
"Belgium","2001","Total","009009","9313",""
"Belgium","2001","Total","010010","9866",""
"Belgium","2001","Total","011011","9172",""
"Belgium","2001","Total","012012","9241",""
"Bulgaria","2001","Total","999999","68180",""
"Bulgaria","2001","Total","001001","5932",""
"Bulgaria","2001","Total","002002","5537",""
"Bulgaria","2001","Total","003003","5889",""
"Bulgaria","2001","Total","004004","5489",""
"Bulgaria","2001","Total","005005","5801",""
"Bulgaria","2001","Total","006006","5662",""
"Bulgaria","2001","Total","007007","6184",""
"Bulgaria","2001","Total","008008","5991",""
"Bulgaria","2001","Total","009009","5889",""
"Bulgaria","2001","Total","010010","5752",""
"Bulgaria","2001","Total","011011","4858",""
"Bulgaria","2001","Total","012012","5196",""
"Bulgaria","2000","Total","999999","73679",""
"Bulgaria","2000","Total","001001","6436",""
"Bulgaria","2000","Total","002002","6024",""
"Bulgaria","2000","Total","003003","6371",""
"Bulgaria","2000","Total","004004","5883",""
"Bulgaria","2000","Total","005005","6259",""
"Bulgaria","2000","Total","006006","6209",""
"Bulgaria","2000","Total","007007","6664",""
"Bulgaria","2000","Total","008008","6529",""
"Bulgaria","2000","Total","009009","6248",""
"Bulgaria","2000","Total","010010","5716",""
"Bulgaria","2000","Total","011011","5253",""
"Bulgaria","2000","Total","012012","6087",""
"Croatia","2001","Total","999999","40993",""
"Croatia","2001","Total","001001","3656",""
"Croatia","2001","Total","002002","3142",""
"Croatia","2001","Total","003003","3352",""
"Croatia","2001","Total","004004","3385",""
"Croatia","2001","Total","005005","3359",""
"Croatia","2001","Total","006006","3185",""
"Croatia","2001","Total","007007","3596",""
"Croatia","2001","Total","008008","3648",""
"Croatia","2001","Total","009009","3646",""
"Croatia","2001","Total","010010","3432",""
"Croatia","2001","Total","011011","3209",""
"Croatia","2001","Total","012012","3383",""
"Croatia","2000","Total","999999","43746",""
"Croatia","2000","Total","001001","3827",""
"Croatia","2000","Total","002002","3550",""
"Croatia","2000","Total","003003","3589",""
"Croatia","2000","Total","004004","3417",""
"Croatia","2000","Total","005005","3600",""
"Croatia","2000","Total","006006","3429",""
"Croatia","2000","Total","007007","3864",""
"Croatia","2000","Total","008008","3739",""
"Croatia","2000","Total","009009","3896",""
"Croatia","2000","Total","010010","3737",""
"Croatia","2000","Total","011011","3548",""
"Croatia","2000","Total","012012","3550",""
"Cyprus","2001","Total","999999","8167",""
"Cyprus","2001","Total","001001","708",""
"Cyprus","2001","Total","002002","608",""
"Cyprus","2001","Total","003003","648",""
"Cyprus","2001","Total","004004","560",""
"Cyprus","2001","Total","005005","625",""
"Cyprus","2001","Total","006006","692",""
"Cyprus","2001","Total","007007","786",""
"Cyprus","2001","Total","008008","724",""
"Cyprus","2001","Total","009009","747",""
"Cyprus","2001","Total","010010","769",""
"Cyprus","2001","Total","011011","689",""
"Cyprus","2001","Total","012012","611",""
"Cyprus","2000","Total","999999","8447",""
"Cyprus","2000","Total","001001","776",""
"Cyprus","2000","Total","002002","611",""
"Cyprus","2000","Total","003003","643",""
"Cyprus","2000","Total","004004","596",""
"Cyprus","2000","Total","005005","654",""
"Cyprus","2000","Total","006006","707",""
"Cyprus","2000","Total","007007","754",""
"Cyprus","2000","Total","008008","760",""
"Cyprus","2000","Total","009009","737",""
"Cyprus","2000","Total","010010","783",""
"Cyprus","2000","Total","011011","763",""
"Cyprus","2000","Total","012012","663",""
"Czechia","2001","Total","999999","90715",""
"Czechia","2001","Total","001001","7574",""
"Czechia","2001","Total","002002","6798",""
"Czechia","2001","Total","003003","7878",""
"Czechia","2001","Total","004004","7948",""
"Czechia","2001","Total","005005","8207",""
"Czechia","2001","Total","006006","7870",""
"Czechia","2001","Total","007007","8088",""
"Czechia","2001","Total","008008","7889",""
"Czechia","2001","Total","009009","7396",""
"Czechia","2001","Total","010010","7301",""
"Czechia","2001","Total","011011","6950",""
"Czechia","2001","Total","012012","6816",""
"Czechia","2000","Total","999999","90910",""
"Czechia","2000","Total","001001","7557",""
"Czechia","2000","Total","002002","7142",""
"Czechia","2000","Total","003003","8025",""
"Czechia","2000","Total","004004","7983",""
"Czechia","2000","Total","005005","8391",""
"Czechia","2000","Total","006006","7837",""
"Czechia","2000","Total","007007","7906",""
"Czechia","2000","Total","008008","7797",""
"Czechia","2000","Total","009009","7269",""
"Czechia","2000","Total","010010","7177",""
"Czechia","2000","Total","011011","6946",""
"Czechia","2000","Total","012012","6880",""
"Denmark","2001","Total","999999","65458",""
"Denmark","2001","Total","001001","5577",""
"Denmark","2001","Total","002002","4980",""
"Denmark","2001","Total","003003","5603",""
"Denmark","2001","Total","004004","5362",""
"Denmark","2001","Total","005005","5827",""
"Denmark","2001","Total","006006","5559",""
"Denmark","2001","Total","007007","5861",""
"Denmark","2001","Total","008008","5847",""
"Denmark","2001","Total","009009","5429",""
"Denmark","2001","Total","010010","5462",""
"Denmark","2001","Total","011011","5095",""
"Denmark","2001","Total","012012","4856",""
"Denmark","2000","Total","999999","67084",""
"Denmark","2000","Total","001001","5439",""
"Denmark","2000","Total","002002","5193",""
"Denmark","2000","Total","003003","5578",""
"Denmark","2000","Total","004004","5768",""
"Denmark","2000","Total","005005","5716",""
"Denmark","2000","Total","006006","5718",""
"Denmark","2000","Total","007007","5963",""
"Denmark","2000","Total","008008","5882",""
"Denmark","2000","Total","009009","5689",""
"Denmark","2000","Total","010010","5719",""
"Denmark","2000","Total","011011","5266",""
"Denmark","2000","Total","012012","5153",""
"Estonia","2001","Total","999999","12632",""
"Estonia","2001","Total","001001","1099",""
"Estonia","2001","Total","002002","951",""
"Estonia","2001","Total","003003","1158",""
"Estonia","2001","Total","004004","1027",""
"Estonia","2001","Total","005005","1176",""
"Estonia","2001","Total","006006","1083",""
"Estonia","2001","Total","007007","1048",""
"Estonia","2001","Total","008008","1096",""
"Estonia","2001","Total","009009","1027",""
"Estonia","2001","Total","010010","1020",""
"Estonia","2001","Total","011011","971",""
"Estonia","2001","Total","012012","976",""
"Estonia","2000","Total","999999","13067",""
"Estonia","2000","Total","001001","1131",""
"Estonia","2000","Total","002002","1022",""
"Estonia","2000","Total","003003","1176",""
"Estonia","2000","Total","004004","1116",""
"Estonia","2000","Total","005005","1188",""
"Estonia","2000","Total","006006","1176",""
"Estonia","2000","Total","007007","1121",""
"Estonia","2000","Total","008008","1099",""
"Estonia","2000","Total","009009","1026",""
"Estonia","2000","Total","010010","1025",""
"Estonia","2000","Total","011011","965",""
"Estonia","2000","Total","012012","1022",""
"Finland","2001","Total","999999","56189",""
"Finland","2001","Total","001001","4805",""
"Finland","2001","Total","002002","4407",""
"Finland","2001","Total","003003","4870",""
"Finland","2001","Total","004004","4842",""
"Finland","2001","Total","005005","4800",""
"Finland","2001","Total","006006","4877",""
"Finland","2001","Total","007007","4813",""
"Finland","2001","Total","008008","4862",""
"Finland","2001","Total","009009","4735",""
"Finland","2001","Total","010010","4644",""
"Finland","2001","Total","011011","4313",""
"Finland","2001","Total","012012","4221",""
"Finland","2000","Total","999999","56742",""
"Finland","2000","Total","001001","4768",""
"Finland","2000","Total","002002","4497",""
"Finland","2000","Total","003003","4970",""
"Finland","2000","Total","004004","4759",""
"Finland","2000","Total","005005","5001",""
"Finland","2000","Total","006006","4835",""
"Finland","2000","Total","007007","5043",""
"Finland","2000","Total","008008","4853",""
"Finland","2000","Total","009009","4693",""
"Finland","2000","Total","010010","4536",""
"Finland","2000","Total","011011","4359",""
"Finland","2000","Total","012012","4428",""
"France","2001","Total","999999","770945",""
"France","2001","Total","001001","64850",""
"France","2001","Total","002002","57456",""
"France","2001","Total","003003","63962",""
"France","2001","Total","004004","62957",""
"France","2001","Total","005005","67673",""
"France","2001","Total","006006","63176",""
"France","2001","Total","007007","68550",""
"France","2001","Total","008008","66010",""
"France","2001","Total","009009","63452",""
"France","2001","Total","010010","66765",""
"France","2001","Total","011011","63160",""
"France","2001","Total","012012","62934",""
"France","2000","Total","999999","774782",""
"France","2000","Total","001001","63559",""
"France","2000","Total","002002","60149",""
"France","2000","Total","003003","64315",""
"France","2000","Total","004004","62469",""
"France","2000","Total","005005","67324",""
"France","2000","Total","006006","63940",""
"France","2000","Total","007007","67916",""
"France","2000","Total","008008","66778",""
"France","2000","Total","009009","64297",""
"France","2000","Total","010010","65720",""
"France","2000","Total","011011","63262",""
"France","2000","Total","012012","65053",""
"Germany","2001","Total","999999","734475",""
"Germany","2001","Total","001001","63906",""
"Germany","2001","Total","002002","55518",""
"Germany","2001","Total","003003","60892",""
"Germany","2001","Total","004004","58822",""
"Germany","2001","Total","005005","63234",""
"Germany","2001","Total","006006","61365",""
"Germany","2001","Total","007007","66373",""
"Germany","2001","Total","008008","65577",""
"Germany","2001","Total","009009","63156",""
"Germany","2001","Total","010010","61158",""
"Germany","2001","Total","011011","57174",""
"Germany","2001","Total","012012","57300",""
"Greece","2001","Total","999999","102282",""
"Greece","2001","Total","001001","8484",""
"Greece","2001","Total","002002","7497",""
"Greece","2001","Total","003003","8475",""
"Greece","2001","Total","004004","7936",""
"Greece","2001","Total","005005","8455",""
"Greece","2001","Total","006006","8458",""
"Greece","2001","Total","007007","9429",""
"Greece","2001","Total","008008","9072",""
"Greece","2001","Total","009009","9023",""
"Greece","2001","Total","010010","9279",""
"Greece","2001","Total","011011","8444",""
"Greece","2001","Total","012012","7730",""
"Greece","2000","Total","999999","103267",""
"Greece","2000","Total","001001","8890",""
"Greece","2000","Total","002002","7686",""
"Greece","2000","Total","003003","8159",""
"Greece","2000","Total","004004","7712",""
"Greece","2000","Total","005005","8172",""
"Greece","2000","Total","006006","8663",""
"Greece","2000","Total","007007","9665",""
"Greece","2000","Total","008008","9412",""
"Greece","2000","Total","009009","9138",""
"Greece","2000","Total","010010","8994",""
"Greece","2000","Total","011011","8678",""
"Greece","2000","Total","012012","8098",""
"Hungary","2001","Total","999999","97047",""
"Hungary","2001","Total","001001","8462",""
"Hungary","2001","Total","002002","7490",""
"Hungary","2001","Total","003003","8292",""
"Hungary","2001","Total","004004","7882",""
"Hungary","2001","Total","005005","8047",""
"Hungary","2001","Total","006006","7869",""
"Hungary","2001","Total","007007","8824",""
"Hungary","2001","Total","008008","8487",""
"Hungary","2001","Total","009009","8258",""
"Hungary","2001","Total","010010","7981",""
"Hungary","2001","Total","011011","7621",""
"Hungary","2001","Total","012012","7834",""
"Hungary","2000","Total","999999","97597",""
"Hungary","2000","Total","001001","8161",""
"Hungary","2000","Total","002002","7761",""
"Hungary","2000","Total","003003","8091",""
"Hungary","2000","Total","004004","7547",""
"Hungary","2000","Total","005005","8008",""
"Hungary","2000","Total","006006","8063",""
"Hungary","2000","Total","007007","8533",""
"Hungary","2000","Total","008008","8523",""
"Hungary","2000","Total","009009","8156",""
"Hungary","2000","Total","010010","8233",""
"Hungary","2000","Total","011011","8183",""
"Hungary","2000","Total","012012","8338",""
"Ireland","2001","Total","999999","57854",""
"Ireland","2001","Total","001001","4797",""
"Ireland","2001","Total","002002","4310",""
"Ireland","2001","Total","003003","4741",""
"Ireland","2001","Total","004004","4683",""
"Ireland","2001","Total","005005","4892",""
"Ireland","2001","Total","006006","4684",""
"Ireland","2001","Total","007007","5173",""
"Ireland","2001","Total","008008","5099",""
"Ireland","2001","Total","009009","5081",""
"Ireland","2001","Total","010010","4924",""
"Ireland","2001","Total","011011","4773",""
"Ireland","2001","Total","012012","4697",""
"Ireland","2000","Total","999999","54789",""
"Ireland","2000","Total","001001","4467",""
"Ireland","2000","Total","002002","4267",""
"Ireland","2000","Total","003003","4584",""
"Ireland","2000","Total","004004","4460",""
"Ireland","2000","Total","005005","4677",""
"Ireland","2000","Total","006006","4589",""
"Ireland","2000","Total","007007","4745",""
"Ireland","2000","Total","008008","4652",""
"Ireland","2000","Total","009009","4680",""
"Ireland","2000","Total","010010","4656",""
"Ireland","2000","Total","011011","4566",""
"Ireland","2000","Total","012012","4446",""
"Italy","2001","Total","999999","535282",""
"Italy","2001","Total","001001","44862",""
"Italy","2001","Total","002002","37837",""
"Italy","2001","Total","003003","42692",""
"Italy","2001","Total","004004","41703",""
"Italy","2001","Total","005005","47106",""
"Italy","2001","Total","006006","43419",""
"Italy","2001","Total","007007","47683",""
"Italy","2001","Total","008008","45910",""
"Italy","2001","Total","009009","46176",""
"Italy","2001","Total","010010","46465",""
"Italy","2001","Total","011011","41957",""
"Italy","2001","Total","012012","42030",""
"Italy","2001","Total","888888","7442",""
"Italy","2000","Total","999999","543039",""
"Italy","2000","Total","001001","44926",""
"Italy","2000","Total","002002","40573",""
"Italy","2000","Total","003003","43761",""
"Italy","2000","Total","004004","43342",""
"Italy","2000","Total","005005","47415",""
"Italy","2000","Total","006006","44595",""
"Italy","2000","Total","007007","48994",""
"Italy","2000","Total","008008","47388",""
"Italy","2000","Total","009009","47821",""
"Italy","2000","Total","010010","47148",""
"Italy","2000","Total","011011","44182",""
"Italy","2000","Total","012012","42894",""
"Latvia","2001","Total","999999","19726",""
"Latvia","2001","Total","001001","1705",""
"Latvia","2001","Total","002002","1510",""
"Latvia","2001","Total","003003","1773",""
"Latvia","2001","Total","004004","1580",""
"Latvia","2001","Total","005005","1838",""
"Latvia","2001","Total","006006","1737",""
"Latvia","2001","Total","007007","1749",""
"Latvia","2001","Total","008008","1679",""
"Latvia","2001","Total","009009","1556",""
"Latvia","2001","Total","010010","1567",""
"Latvia","2001","Total","011011","1495",""
"Latvia","2001","Total","012012","1537",""
"Latvia","2000","Total","999999","20302",""
"Latvia","2000","Total","001001","1660",""
"Latvia","2000","Total","002002","1673",""
"Latvia","2000","Total","003003","1777",""
"Latvia","2000","Total","004004","1727",""
"Latvia","2000","Total","005005","1828",""
"Latvia","2000","Total","006006","1811",""
"Latvia","2000","Total","007007","1783",""
"Latvia","2000","Total","008008","1700",""
"Latvia","2000","Total","009009","1588",""
"Latvia","2000","Total","010010","1543",""
"Latvia","2000","Total","011011","1537",""
"Latvia","2000","Total","012012","1675",""
"Lithuania","2001","Total","999999","31185",""
"Lithuania","2001","Total","001001","2736",""
"Lithuania","2001","Total","002002","2494",""
"Lithuania","2001","Total","003003","2762",""
"Lithuania","2001","Total","004004","2667",""
"Lithuania","2001","Total","005005","2872",""
"Lithuania","2001","Total","006006","2682",""
"Lithuania","2001","Total","007007","2841",""
"Lithuania","2001","Total","008008","2579",""
"Lithuania","2001","Total","009009","2459",""
"Lithuania","2001","Total","010010","2506",""
"Lithuania","2001","Total","011011","2286",""
"Lithuania","2001","Total","012012","2301",""
"Lithuania","2000","Total","999999","34149",""
"Lithuania","2000","Total","001001","2867",""
"Lithuania","2000","Total","002002","2813",""
"Lithuania","2000","Total","003003","3116",""
"Lithuania","2000","Total","004004","3016",""
"Lithuania","2000","Total","005005","3102",""
"Lithuania","2000","Total","006006","2968",""
"Lithuania","2000","Total","007007","3045",""
"Lithuania","2000","Total","008008","2870",""
"Lithuania","2000","Total","009009","2709",""
"Lithuania","2000","Total","010010","2504",""
"Lithuania","2000","Total","011011","2519",""
"Lithuania","2000","Total","012012","2620",""
"Luxembourg","2001","Total","999999","5459",""
"Luxembourg","2001","Total","001001","452",""
"Luxembourg","2001","Total","002002","404",""
"Luxembourg","2001","Total","003003","464",""
"Luxembourg","2001","Total","004004","456",""
"Luxembourg","2001","Total","005005","506",""
"Luxembourg","2001","Total","006006","473",""
"Luxembourg","2001","Total","007007","505",""
"Luxembourg","2001","Total","008008","451",""
"Luxembourg","2001","Total","009009","421",""
"Luxembourg","2001","Total","010010","451",""
"Luxembourg","2001","Total","011011","418",""
"Luxembourg","2001","Total","012012","458",""
"Luxembourg","2000","Total","999999","5723",""
"Luxembourg","2000","Total","001001","503",""
"Luxembourg","2000","Total","002002","472",""
"Luxembourg","2000","Total","003003","497",""
"Luxembourg","2000","Total","004004","446",""
"Luxembourg","2000","Total","005005","501",""
"Luxembourg","2000","Total","006006","493",""
"Luxembourg","2000","Total","007007","530",""
"Luxembourg","2000","Total","008008","501",""
"Luxembourg","2000","Total","009009","424",""
"Luxembourg","2000","Total","010010","459",""
"Luxembourg","2000","Total","011011","416",""
"Luxembourg","2000","Total","012012","481",""
"Malta","2001","Total","999999","3859",""
"Malta","2001","Total","001001","310",""
"Malta","2001","Total","002002","303",""
"Malta","2001","Total","003003","336",""
"Malta","2001","Total","004004","304",""
"Malta","2001","Total","005005","308",""
"Malta","2001","Total","006006","336",""
"Malta","2001","Total","007007","347",""
"Malta","2001","Total","008008","308",""
"Malta","2001","Total","009009","328",""
"Malta","2001","Total","010010","349",""
"Malta","2001","Total","011011","310",""
"Malta","2001","Total","012012","320",""
"Malta","2000","Total","999999","4255",""
"Malta","2000","Total","001001","381",""
"Malta","2000","Total","002002","338",""
"Malta","2000","Total","003003","350",""
"Malta","2000","Total","004004","327",""
"Malta","2000","Total","005005","320",""
"Malta","2000","Total","006006","312",""
"Malta","2000","Total","007007","374",""
"Malta","2000","Total","008008","385",""
"Malta","2000","Total","009009","350",""
"Malta","2000","Total","010010","356",""
"Malta","2000","Total","011011","369",""
"Malta","2000","Total","012012","393",""
"Netherlands","2001","Total","999999","202603",""
"Netherlands","2001","Total","001001","17344",""
"Netherlands","2001","Total","002002","15334",""
"Netherlands","2001","Total","003003","16834",""
"Netherlands","2001","Total","004004","15679",""
"Netherlands","2001","Total","005005","17537",""
"Netherlands","2001","Total","006006","17050",""
"Netherlands","2001","Total","007007","17942",""
"Netherlands","2001","Total","008008","17726",""
"Netherlands","2001","Total","009009","17147",""
"Netherlands","2001","Total","010010","17556",""
"Netherlands","2001","Total","011011","16345",""
"Netherlands","2001","Total","012012","16109",""
"Netherlands","2000","Total","999999","206619",""
"Netherlands","2000","Total","001001","17068",""
"Netherlands","2000","Total","002002","16606",""
"Netherlands","2000","Total","003003","17445",""
"Netherlands","2000","Total","004004","16625",""
"Netherlands","2000","Total","005005","17513",""
"Netherlands","2000","Total","006006","16773",""
"Netherlands","2000","Total","007007","17694",""
"Netherlands","2000","Total","008008","18315",""
"Netherlands","2000","Total","009009","17736",""
"Netherlands","2000","Total","010010","17155",""
"Netherlands","2000","Total","011011","16996",""
"Netherlands","2000","Total","012012","16693",""
"Poland","2001","Total","999999","368205",""
"Poland","2001","Total","001001","33171",""
"Poland","2001","Total","002002","28044",""
"Poland","2001","Total","003003","32319",""
"Poland","2001","Total","004004","31611",""
"Poland","2001","Total","005005","32312",""
"Poland","2001","Total","006006","30463",""
"Poland","2001","Total","007007","33018",""
"Poland","2001","Total","008008","31584",""
"Poland","2001","Total","009009","31336",""
"Poland","2001","Total","010010","29933",""
"Poland","2001","Total","011011","26961",""
"Poland","2001","Total","012012","27453",""
"Poland","2000","Total","999999","378348",""
"Poland","2000","Total","001001","33946",""
"Poland","2000","Total","002002","30960",""
"Poland","2000","Total","003003","32838",""
"Poland","2000","Total","004004","31267",""
"Poland","2000","Total","005005","32905",""
"Poland","2000","Total","006006","32355",""
"Poland","2000","Total","007007","33530",""
"Poland","2000","Total","008008","32932",""
"Poland","2000","Total","009009","32626",""
"Poland","2000","Total","010010","30034",""
"Poland","2000","Total","011011","27495",""
"Poland","2000","Total","012012","27460",""
"Portugal","2001","Total","999999","112774",""
"Portugal","2001","Total","001001","10133",""
"Portugal","2001","Total","002002","8582",""
"Portugal","2001","Total","003003","9545",""
"Portugal","2001","Total","004004","9129",""
"Portugal","2001","Total","005005","10212",""
"Portugal","2001","Total","006006","9055",""
"Portugal","2001","Total","007007","9790",""
"Portugal","2001","Total","008008","9683",""
"Portugal","2001","Total","009009","9528",""
"Portugal","2001","Total","010010","9549",""
"Portugal","2001","Total","011011","8827",""
"Portugal","2001","Total","012012","8741",""
"Portugal","2001","Total","888888","0",""
"Portugal","2000","Total","999999","120008",""
"Portugal","2000","Total","001001","9825",""
"Portugal","2000","Total","002002","9214",""
"Portugal","2000","Total","003003","9667",""
"Portugal","2000","Total","004004","9563",""
"Portugal","2000","Total","005005","10366",""
"Portugal","2000","Total","006006","9756",""
"Portugal","2000","Total","007007","10254",""
"Portugal","2000","Total","008008","10545",""
"Portugal","2000","Total","009009","10561",""
"Portugal","2000","Total","010010","10677",""
"Portugal","2000","Total","011011","9934",""
"Portugal","2000","Total","012012","9646",""
"Portugal","2000","Total","888888","0",""
"Romania","2001","Total","999999","220368",""
"Romania","2001","Total","001001","18317",""
"Romania","2001","Total","002002","16920",""
"Romania","2001","Total","003003","18987",""
"Romania","2001","Total","004004","18089",""
"Romania","2001","Total","005005","18707",""
"Romania","2001","Total","006006","18546",""
"Romania","2001","Total","007007","20644",""
"Romania","2001","Total","008008","19065",""
"Romania","2001","Total","009009","19215",""
"Romania","2001","Total","010010","18178",""
"Romania","2001","Total","011011","16986",""
"Romania","2001","Total","012012","16714",""
"Romania","2000","Total","999999","234521",""
"Romania","2000","Total","001001","19745",""
"Romania","2000","Total","002002","18574",""
"Romania","2000","Total","003003","19951",""
"Romania","2000","Total","004004","18575",""
"Romania","2000","Total","005005","19923",""
"Romania","2000","Total","006006","20247",""
"Romania","2000","Total","007007","21502",""
"Romania","2000","Total","008008","20518",""
"Romania","2000","Total","009009","20135",""
"Romania","2000","Total","010010","19190",""
"Romania","2000","Total","011011","18028",""
"Romania","2000","Total","012012","18133",""
"Slovakia","2001","Total","999999","51136",""
"Slovakia","2001","Total","001001","4489",""
"Slovakia","2001","Total","002002","3945",""
"Slovakia","2001","Total","003003","4418",""
"Slovakia","2001","Total","004004","4441",""
"Slovakia","2001","Total","005005","4522",""
"Slovakia","2001","Total","006006","4472",""
"Slovakia","2001","Total","007007","4573",""
"Slovakia","2001","Total","008008","4464",""
"Slovakia","2001","Total","009009","4344",""
"Slovakia","2001","Total","010010","3955",""
"Slovakia","2001","Total","011011","3743",""
"Slovakia","2001","Total","012012","3770",""
"Slovakia","2000","Total","999999","55151",""
"Slovakia","2000","Total","001001","4781",""
"Slovakia","2000","Total","002002","4470",""
"Slovakia","2000","Total","003003","4848",""
"Slovakia","2000","Total","004004","4581",""
"Slovakia","2000","Total","005005","4911",""
"Slovakia","2000","Total","006006","4677",""
"Slovakia","2000","Total","007007","4958",""
"Slovakia","2000","Total","008008","4961",""
"Slovakia","2000","Total","009009","4736",""
"Slovakia","2000","Total","010010","4302",""
"Slovakia","2000","Total","011011","3847",""
"Slovakia","2000","Total","012012","4079",""
"Slovenia","2001","Total","999999","17477",""
"Slovenia","2001","Total","001001","1547",""
"Slovenia","2001","Total","002002","1297",""
"Slovenia","2001","Total","003003","1478",""
"Slovenia","2001","Total","004004","1409",""
"Slovenia","2001","Total","005005","1536",""
"Slovenia","2001","Total","006006","1396",""
"Slovenia","2001","Total","007007","1553",""
"Slovenia","2001","Total","008008","1438",""
"Slovenia","2001","Total","009009","1486",""
"Slovenia","2001","Total","010010","1468",""
"Slovenia","2001","Total","011011","1381",""
"Slovenia","2001","Total","012012","1488",""
"Slovenia","2000","Total","999999","18180",""
"Slovenia","2000","Total","001001","1506",""
"Slovenia","2000","Total","002002","1429",""
"Slovenia","2000","Total","003003","1522",""
"Slovenia","2000","Total","004004","1546",""
"Slovenia","2000","Total","005005","1551",""
"Slovenia","2000","Total","006006","1480",""
"Slovenia","2000","Total","007007","1527",""
"Slovenia","2000","Total","008008","1570",""
"Slovenia","2000","Total","009009","1600",""
"Slovenia","2000","Total","010010","1554",""
"Slovenia","2000","Total","011011","1400",""
"Slovenia","2000","Total","012012","1495",""
"Spain","2001","Total","999999","405313",""
"Spain","2001","Total","001001","34118",""
"Spain","2001","Total","002002","29821",""
"Spain","2001","Total","003003","33340",""
"Spain","2001","Total","004004","32590",""
"Spain","2001","Total","005005","35372",""
"Spain","2001","Total","006006","32625",""
"Spain","2001","Total","007007","34680",""
"Spain","2001","Total","008008","34695",""
"Spain","2001","Total","009009","34061",""
"Spain","2001","Total","010010","36185",""
"Spain","2001","Total","011011","34224",""
"Spain","2001","Total","012012","33602",""
"Spain","2001","Total","888888","0",""
"Spain","2000","Total","999999","397632",""
"Spain","2000","Total","001001","32995",""
"Spain","2000","Total","002002","30696",""
"Spain","2000","Total","003003","33608",""
"Spain","2000","Total","004004","32196",""
"Spain","2000","Total","005005","34026",""
"Spain","2000","Total","006006","31832",""
"Spain","2000","Total","007007","33754",""
"Spain","2000","Total","008008","33666",""
"Spain","2000","Total","009009","33758",""
"Spain","2000","Total","010010","34004",""
"Spain","2000","Total","011011","33317",""
"Spain","2000","Total","012012","33780",""
"Sweden","2001","Total","999999","91466",""
"Sweden","2001","Total","001001","7677",""
"Sweden","2001","Total","002002","7288",""
"Sweden","2001","Total","003003","8237",""
"Sweden","2001","Total","004004","8217",""
"Sweden","2001","Total","005005","8437",""
"Sweden","2001","Total","006006","7765",""
"Sweden","2001","Total","007007","8103",""
"Sweden","2001","Total","008008","7928",""
"Sweden","2001","Total","009009","7526",""
"Sweden","2001","Total","010010","7427",""
"Sweden","2001","Total","011011","6497",""
"Sweden","2001","Total","012012","6364",""
"Sweden","2000","Total","999999","90441",""
"Sweden","2000","Total","001001","7306",""
"Sweden","2000","Total","002002","7441",""
"Sweden","2000","Total","003003","8001",""
"Sweden","2000","Total","004004","7931",""
"Sweden","2000","Total","005005","8186",""
"Sweden","2000","Total","006006","7815",""
"Sweden","2000","Total","007007","8000",""
"Sweden","2000","Total","008008","7768",""
"Sweden","2000","Total","009009","7490",""
"Sweden","2000","Total","010010","7267",""
"Sweden","2000","Total","011011","6770",""
"Sweden","2000","Total","012012","6466",""
"United Kingdom of Great Britain and Northern Ireland","2001","Total","999999","669123",""
"United Kingdom of Great Britain and Northern Ireland","2001","Total","001001","57880",""
"United Kingdom of Great Britain and Northern Ireland","2001","Total","002002","50805",""
"United Kingdom of Great Britain and Northern Ireland","2001","Total","003003","56180",""
"United Kingdom of Great Britain and Northern Ireland","2001","Total","004004","53725",""
"United Kingdom of Great Britain and Northern Ireland","2001","Total","005005","57861",""
"United Kingdom of Great Britain and Northern Ireland","2001","Total","006006","55421",""
"United Kingdom of Great Britain and Northern Ireland","2001","Total","007007","57798",""
"United Kingdom of Great Britain and Northern Ireland","2001","Total","008008","57351",""
"United Kingdom of Great Britain and Northern Ireland","2001","Total","009009","56540",""
"United Kingdom of Great Britain and Northern Ireland","2001","Total","010010","58206",""
"United Kingdom of Great Britain and Northern Ireland","2001","Total","011011","54570",""
"United Kingdom of Great Britain and Northern Ireland","2001","Total","012012","52786",""
"United Kingdom of Great Britain and Northern Ireland","2000","Total","999999","679029",""
"United Kingdom of Great Britain and Northern Ireland","2000","Total","001001","57446",""
"United Kingdom of Great Britain and Northern Ireland","2000","Total","002002","53017",""
"United Kingdom of Great Britain and Northern Ireland","2000","Total","003003","57703",""
"United Kingdom of Great Britain and Northern Ireland","2000","Total","004004","54551",""
"United Kingdom of Great Britain and Northern Ireland","2000","Total","005005","58466",""
"United Kingdom of Great Britain and Northern Ireland","2000","Total","006006","56192",""
"United Kingdom of Great Britain and Northern Ireland","2000","Total","007007","58761",""
"United Kingdom of Great Britain and Northern Ireland","2000","Total","008008","58422",""
"United Kingdom of Great Britain and Northern Ireland","2000","Total","009009","56640",""
"United Kingdom of Great Britain and Northern Ireland","2000","Total","010010","57427",""
"United Kingdom of Great Britain and Northern Ireland","2000","Total","011011","55807",""
"United Kingdom of Great Britain and Northern Ireland","2000","Total","012012","54597",""
"Belgium","2000","Total","999999","115372","This row was added and doesn't represent official data"
"Germany","2000","Total","999999","734475","This row was added and doesn't represent official data"